id,sku,nome,categoria,fornecedor_id,preco_unitario,estoque_minimo,estoque_atual
1,SKU-1000,Pisos Iure,Revestimentos,1,266.04,37,36
2,SKU-1001,Pisos Deserunt,Louças,3,140.98,35,14
3,SKU-1002,Tintas Molestias,Louças,3,59.83,19,73
4,SKU-1003,Pisos Aliquam,Louças,2,260.5,46,47
5,SKU-1004,Louças Nisi,Argamassas,6,217.54,49,43
6,SKU-1005,Iluminação Dolore,Revestimentos,4,50.61,39,31
7,SKU-1006,Metais Quis,Argamassas,5,279.9,29,43
8,SKU-1007,Revestimentos Error,Iluminação,6,81.11,14,6
9,SKU-1008,Iluminação Nemo,Louças,6,162.95,41,9
10,SKU-1009,Iluminação Eligendi,Argamassas,2,380.39,32,74
11,SKU-1010,Pisos Vitae,Metais,5,296.5,27,8
12,SKU-1011,Metais Vero,Tintas,1,424.18,38,24
13,SKU-1012,Argamassas Autem,Pisos,4,349.18,32,7
14,SKU-1013,Argamassas Voluptatem,Iluminação,8,50.05,18,50
15,SKU-1014,Revestimentos Animi,Iluminação,7,390.83,38,35
16,SKU-1015,Metais Itaque,Argamassas,4,80.65,27,45
17,SKU-1016,Revestimentos Ut,Pisos,8,376.53,21,21
18,SKU-1017,Revestimentos Alias,Argamassas,6,280.27,21,0
19,SKU-1018,Louças Officiis,Metais,1,213.64,30,65
20,SKU-1019,Argamassas Delectus,Pisos,8,290.92,45,51
21,SKU-1020,Argamassas Autem,Revestimentos,2,162.92,13,3
22,SKU-1021,Revestimentos Nulla,Louças,2,427.79,13,9
23,SKU-1022,Louças Facere,Argamassas,3,290.97,49,13
24,SKU-1023,Pisos Animi,Pisos,8,447.0,32,60
25,SKU-1024,Pisos Nihil,Revestimentos,2,341.11,39,39
26,SKU-1025,Louças Animi,Pisos,4,428.68,26,20
27,SKU-1026,Pisos Sed,Iluminação,5,440.65,43,69
28,SKU-1027,Louças Dolor,Tintas,3,169.73,15,33
29,SKU-1028,Tintas Dicta,Metais,4,281.75,24,64
30,SKU-1029,Metais Dolorem,Iluminação,4,101.96,22,51
31,SKU-1030,Pisos Officiis,Iluminação,5,220.42,41,3
32,SKU-1031,Argamassas Reiciendis,Iluminação,6,430.43,22,44
33,SKU-1032,Revestimentos Debitis,Argamassas,4,161.92,33,6
34,SKU-1033,Iluminação Corrupti,Pisos,8,410.5,40,78
35,SKU-1034,Iluminação Provident,Metais,2,410.75,32,10
36,SKU-1035,Argamassas Labore,Iluminação,6,52.74,22,22
37,SKU-1036,Metais Magnam,Revestimentos,3,447.0,35,10
38,SKU-1037,Iluminação Impedit,Metais,3,281.03,11,7
39,SKU-1038,Revestimentos Mollitia,Louças,3,24.31,48,44
40,SKU-1039,Argamassas Sed,Iluminação,4,374.38,16,17
41,SKU-1040,Tintas Explicabo,Louças,4,347.2,23,6
42,SKU-1041,Iluminação Maiores,Revestimentos,1,410.86,30,13
43,SKU-1042,Iluminação Adipisci,Louças,7,374.81,32,74
44,SKU-1043,Louças Similique,Louças,1,394.67,42,9
45,SKU-1044,Revestimentos Ab,Revestimentos,8,284.31,21,19
46,SKU-1045,Metais Quam,Louças,8,356.16,17,41
47,SKU-1046,Revestimentos Inventore,Revestimentos,5,33.36,16,7
48,SKU-1047,Pisos Dolorum,Iluminação,2,207.81,16,71
49,SKU-1048,Louças Aliquam,Revestimentos,5,211.77,49,77
50,SKU-1049,Revestimentos Voluptas,Metais,5,416.41,44,64
51,SKU-1050,Argamassas Magni,Pisos,7,207.32,22,17
52,SKU-1051,Pisos Porro,Revestimentos,5,356.01,14,54
53,SKU-1052,Revestimentos Ea,Tintas,3,435.88,19,46
54,SKU-1053,Argamassas Inventore,Argamassas,3,445.59,24,12
55,SKU-1054,Louças Possimus,Argamassas,6,198.26,24,13
56,SKU-1055,Pisos Ullam,Tintas,8,206.6,32,46
57,SKU-1056,Louças Ipsam,Tintas,2,64.09,11,66
58,SKU-1057,Pisos Eveniet,Tintas,5,32.22,24,13
59,SKU-1058,Iluminação Dicta,Argamassas,5,191.59,21,4
60,SKU-1059,Argamassas Asperiores,Metais,6,53.92,44,73
61,SKU-1060,Argamassas Quas,Pisos,5,423.18,13,23
62,SKU-1061,Pisos Harum,Louças,4,43.98,50,16
63,SKU-1062,Louças Architecto,Argamassas,5,285.44,17,43
64,SKU-1063,Pisos Sunt,Revestimentos,5,36.92,12,30
65,SKU-1064,Tintas Culpa,Louças,4,141.13,22,80
66,SKU-1065,Tintas Nulla,Iluminação,1,447.61,42,34
67,SKU-1066,Louças Magni,Louças,4,238.69,12,11
68,SKU-1067,Metais Laborum,Iluminação,7,300.58,25,13
69,SKU-1068,Louças Necessitatibus,Tintas,4,442.36,44,50
70,SKU-1069,Argamassas Temporibus,Tintas,1,379.09,31,8
71,SKU-1070,Argamassas Dolores,Revestimentos,1,51.75,10,4
72,SKU-1071,Louças Rerum,Revestimentos,5,34.68,34,36
73,SKU-1072,Pisos Pariatur,Tintas,6,433.38,21,14
74,SKU-1073,Tintas Iste,Revestimentos,6,94.59,45,4
75,SKU-1074,Tintas Sapiente,Louças,4,122.96,31,60
76,SKU-1075,Revestimentos Ipsum,Argamassas,1,186.38,10,1
77,SKU-1076,Pisos Quaerat,Louças,3,301.03,29,29
78,SKU-1077,Metais Officiis,Argamassas,3,138.62,48,41
79,SKU-1078,Iluminação Quos,Iluminação,7,334.23,49,5
80,SKU-1079,Iluminação Eaque,Louças,1,374.49,42,33
81,SKU-1080,Pisos Molestias,Pisos,1,72.9,47,29
82,SKU-1081,Iluminação Praesentium,Argamassas,1,288.08,33,48
83,SKU-1082,Argamassas Tempore,Tintas,1,213.77,50,31
84,SKU-1083,Louças Accusantium,Pisos,2,339.39,14,64
85,SKU-1084,Iluminação Deserunt,Tintas,4,332.26,40,4
86,SKU-1085,Argamassas Illum,Argamassas,7,48.38,23,20
87,SKU-1086,Metais Praesentium,Metais,4,48.7,28,78
88,SKU-1087,Louças Necessitatibus,Louças,3,20.42,19,38
89,SKU-1088,Metais Suscipit,Revestimentos,8,141.52,13,12
90,SKU-1089,Argamassas Fugit,Iluminação,2,447.09,43,29
91,SKU-1090,Argamassas Facilis,Pisos,5,214.65,45,5
92,SKU-1091,Tintas Asperiores,Argamassas,4,413.7,42,57
93,SKU-1092,Revestimentos Id,Metais,5,429.44,23,2
94,SKU-1093,Louças Aliquam,Tintas,2,320.95,18,80
95,SKU-1094,Argamassas Tenetur,Pisos,3,16.56,24,62
96,SKU-1095,Tintas Maxime,Metais,3,196.04,41,51
97,SKU-1096,Pisos Pariatur,Tintas,6,380.01,34,42
98,SKU-1097,Metais Laboriosam,Pisos,5,125.15,17,25
99,SKU-1098,Pisos Molestiae,Tintas,7,343.71,14,75
100,SKU-1099,Iluminação Nobis,Metais,5,291.21,13,0
101,SKU-1100,Argamassas Repellendus,Louças,6,97.58,19,8
102,SKU-1101,Pisos Aut,Iluminação,7,412.34,33,54
103,SKU-1102,Pisos Ut,Metais,7,211.12,45,10
104,SKU-1103,Argamassas Numquam,Pisos,3,89.28,18,36
105,SKU-1104,Tintas Eos,Metais,5,191.7,36,38
106,SKU-1105,Metais Voluptatem,Argamassas,2,87.79,25,71
107,SKU-1106,Iluminação Adipisci,Argamassas,4,212.05,20,16
108,SKU-1107,Argamassas Delectus,Revestimentos,4,121.18,31,57
109,SKU-1108,Tintas Commodi,Revestimentos,6,127.39,21,11
110,SKU-1109,Metais Placeat,Iluminação,7,181.53,46,1
111,SKU-1110,Tintas Asperiores,Iluminação,1,231.69,43,17
112,SKU-1111,Metais Sequi,Louças,4,55.28,46,16
113,SKU-1112,Argamassas Quo,Tintas,1,70.35,25,57
114,SKU-1113,Louças A,Argamassas,1,46.81,37,60
115,SKU-1114,Revestimentos Amet,Iluminação,2,112.35,43,57
116,SKU-1115,Iluminação Deleniti,Metais,8,51.98,19,13
117,SKU-1116,Revestimentos Quae,Louças,1,295.8,12,2
118,SKU-1117,Tintas Amet,Louças,7,318.88,29,80
119,SKU-1118,Louças Non,Louças,4,183.82,17,9
120,SKU-1119,Pisos Laborum,Louças,5,448.42,24,0
121,SKU-1120,Argamassas Ducimus,Louças,4,252.95,27,31
122,SKU-1121,Pisos Repudiandae,Pisos,4,231.76,11,39
123,SKU-1122,Metais Asperiores,Argamassas,6,113.65,36,14
124,SKU-1123,Tintas Sapiente,Metais,7,101.16,12,53
125,SKU-1124,Pisos Enim,Revestimentos,8,436.89,28,64
126,SKU-1125,Revestimentos Veniam,Argamassas,4,130.28,29,24
127,SKU-1126,Argamassas Quod,Louças,3,404.97,28,19
128,SKU-1127,Louças Alias,Revestimentos,7,38.65,41,7
129,SKU-1128,Argamassas Libero,Pisos,1,95.09,11,18
130,SKU-1129,Metais Iste,Pisos,2,420.24,38,40
131,SKU-1130,Pisos Officiis,Tintas,7,380.02,31,29
132,SKU-1131,Pisos Culpa,Pisos,5,50.13,31,13
133,SKU-1132,Louças Nesciunt,Iluminação,4,180.36,36,15
134,SKU-1133,Pisos Consequatur,Pisos,8,100.14,29,55
135,SKU-1134,Tintas Placeat,Tintas,8,28.17,44,24
136,SKU-1135,Pisos Laboriosam,Argamassas,1,216.86,36,25
137,SKU-1136,Pisos Non,Louças,6,172.89,13,11
138,SKU-1137,Pisos Debitis,Tintas,6,417.04,31,78
139,SKU-1138,Louças Animi,Iluminação,2,25.55,29,24
140,SKU-1139,Argamassas Molestiae,Iluminação,7,358.56,24,22
141,SKU-1140,Argamassas Illum,Revestimentos,1,364.12,37,16
142,SKU-1141,Louças Aliquid,Revestimentos,6,389.64,29,19
143,SKU-1142,Pisos Delectus,Louças,4,185.38,39,76
144,SKU-1143,Metais Et,Pisos,8,255.38,20,2
145,SKU-1144,Pisos Ad,Pisos,5,286.7,30,13
146,SKU-1145,Metais Explicabo,Argamassas,3,116.88,23,15
147,SKU-1146,Metais Facere,Louças,2,354.19,36,30
148,SKU-1147,Tintas Saepe,Tintas,5,336.06,28,18
149,SKU-1148,Revestimentos Ab,Revestimentos,3,137.39,22,23
150,SKU-1149,Argamassas Soluta,Tintas,4,235.69,47,4
